customer_id,age,tenure_months,monthly_charges,total_charges,contract_type,tech_support,churned
CUST_0001,56,62,37.87,2520.37,Month-to-month,No,0
CUST_0002,69,37,56.64,2152.85,Month-to-month,Yes,0
CUST_0003,46,44,94.41,4404.07,Month-to-month,No,1
CUST_0004,32,35,92.08,3337.0,Month-to-month,Yes,1
CUST_0005,60,65,50.8,3350.45,Month-to-month,No,0
CUST_0006,25,47,74.24,3230.03,Month-to-month,No,1
CUST_0007,38,3,70.87,225.84,Month-to-month,Yes,1
CUST_0008,56,1,83.62,88.98,One year,No,1
CUST_0009,36,5,45.04,230.87,Month-to-month,Yes,1
CUST_0010,40,14,78.98,1176.58,Month-to-month,Yes,1
CUST_0011,28,27,117.88,3279.19,Month-to-month,No,1
CUST_0012,28,9,68.66,581.69,Two year,No,1
CUST_0013,41,15,110.6,1584.0,Month-to-month,No,1
CUST_0014,70,42,63.43,2511.99,One year,No,0
CUST_0015,53,51,55.0,2736.14,Two year,No,0
CUST_0016,57,63,84.5,4832.63,Month-to-month,No,0
CUST_0017,41,52,86.88,4624.61,Two year,No,0
CUST_0018,20,4,106.41,411.73,One year,No,1
CUST_0019,39,23,43.01,1020.04,Month-to-month,No,1
CUST_0020,70,15,69.91,1024.61,Month-to-month,No,1
CUST_0021,19,43,77.19,3439.73,One year,Yes,0
CUST_0022,41,29,96.85,2719.12,Month-to-month,No,1
CUST_0023,61,36,24.35,834.64,Two year,No,0
CUST_0024,47,13,119.45,1551.62,Month-to-month,Yes,1
CUST_0025,55,32,66.98,2226.05,One year,No,0
CUST_0026,19,71,47.95,3301.18,Month-to-month,Yes,0
CUST_0027,38,59,108.34,6950.28,Two year,No,0
CUST_0028,50,28,94.76,2408.75,One year,Yes,1
CUST_0029,29,66,115.3,7484.92,Month-to-month,Yes,0
CUST_0030,39,42,53.07,2437.38,Month-to-month,No,0
CUST_0031,61,45,75.27,3419.65,Month-to-month,No,0
CUST_0032,42,62,77.22,4714.36,Month-to-month,No,0
CUST_0033,66,57,118.02,6819.33,Month-to-month,Yes,0
CUST_0034,44,6,27.52,167.63,One year,No,1
CUST_0035,59,28,50.56,1481.27,Month-to-month,Yes,1
CUST_0036,45,28,39.08,1012.76,One year,No,0
CUST_0037,33,44,46.84,1957.92,Two year,Yes,0
CUST_0038,32,30,68.52,2088.71,One year,Yes,0
CUST_0039,64,62,57.26,3810.78,One year,No,0
CUST_0040,68,62,59.46,3732.13,One year,No,0
CUST_0041,61,1,104.41,98.95,Month-to-month,No,1
CUST_0042,72,27,112.99,3160.46,Month-to-month,No,1
CUST_0043,69,62,27.03,1756.27,Month-to-month,No,0
CUST_0044,74,3,40.88,116.22,Month-to-month,Yes,1
CUST_0045,20,70,87.1,5947.9,Month-to-month,No,0
CUST_0046,54,27,55.85,1518.3,Month-to-month,No,1
CUST_0047,68,9,45.41,408.41,Two year,No,1
CUST_0048,24,62,49.52,3002.46,One year,No,0
CUST_0049,38,37,52.25,1855.01,Month-to-month,No,0
CUST_0050,26,51,104.86,4920.02,Month-to-month,No,0
CUST_0051,56,44,33.65,1348.38,Month-to-month,No,0
CUST_0052,35,24,90.88,2381.15,Month-to-month,No,1
CUST_0053,21,59,75.27,4749.26,Month-to-month,Yes,0
CUST_0054,42,32,49.64,1542.38,Two year,No,0
CUST_0055,31,52,61.97,3516.84,Month-to-month,No,0
CUST_0056,67,62,45.61,2927.79,Two year,Yes,0
CUST_0057,26,58,81.14,4689.67,Two year,No,0
CUST_0058,43,52,28.15,1461.76,Month-to-month,No,0
CUST_0059,70,12,20.51,225.61,One year,No,0
CUST_0060,19,39,82.78,2964.79,One year,No,0
CUST_0061,37,2,39.42,80.46,Month-to-month,Yes,1
CUST_0062,45,3,27.08,82.11,Month-to-month,No,1
CUST_0063,64,56,59.67,3149.53,One year,No,0
CUST_0064,24,59,25.07,1611.13,One year,Yes,0
CUST_0065,61,2,108.65,229.53,Two year,No,1
CUST_0066,25,2,22.75,41.98,Two year,No,1
CUST_0067,64,54,77.88,4567.98,One year,No,0
CUST_0068,52,1,63.84,69.9,Two year,No,1
CUST_0069,31,19,87.19,1820.92,One year,No,1
CUST_0070,34,2,52.81,96.24,One year,Yes,1
CUST_0071,53,53,35.49,1970.14,One year,No,0
CUST_0072,67,44,118.17,5247.23,Month-to-month,Yes,1
CUST_0073,57,32,103.88,3461.0,One year,Yes,1
CUST_0074,21,70,106.03,8117.78,Month-to-month,Yes,0
CUST_0075,19,32,45.02,1494.82,Month-to-month,Yes,0
CUST_0076,23,68,23.87,1732.55,Two year,No,0
CUST_0077,71,55,50.32,2970.67,Month-to-month,No,0
CUST_0078,59,56,73.7,4406.6,Month-to-month,No,0
CUST_0079,21,17,52.66,881.99,One year,Yes,0
CUST_0080,71,38,102.78,3688.94,One year,No,1
CUST_0081,46,24,47.14,1107.98,Month-to-month,No,1
CUST_0082,35,69,116.52,8500.0,Two year,No,0
CUST_0083,43,70,65.72,4275.25,One year,No,0
CUST_0084,61,11,104.19,1149.14,Month-to-month,No,1
CUST_0085,51,16,39.43,597.22,Month-to-month,Yes,0
CUST_0086,27,59,61.13,3665.32,One year,No,0
CUST_0087,53,70,89.94,6753.05,Month-to-month,No,0
CUST_0088,31,3,33.83,109.21,Month-to-month,No,1
CUST_0089,48,20,33.26,630.17,One year,Yes,0
CUST_0090,65,59,116.94,7462.03,Month-to-month,No,1
CUST_0091,32,36,91.45,3352.7,Month-to-month,No,1
CUST_0092,25,19,24.1,444.18,Month-to-month,No,1
CUST_0093,31,67,59.87,4178.31,One year,No,0
CUST_0094,40,19,63.34,1199.05,Month-to-month,No,1
CUST_0095,74,20,94.39,1841.73,One year,Yes,1
CUST_0096,57,71,45.08,3331.96,Month-to-month,Yes,0
CUST_0097,38,52,38.42,1897.44,One year,No,0
CUST_0098,33,33,28.08,895.18,Month-to-month,No,0
CUST_0099,62,40,62.82,2479.86,Two year,Yes,0
CUST_0100,35,39,88.84,3294.07,Month-to-month,No,1
CUST_0101,64,1,25.81,25.32,Two year,No,1
CUST_0102,70,11,111.51,1244.14,One year,No,1
CUST_0103,41,57,64.23,3837.56,Month-to-month,No,0
CUST_0104,43,50,43.97,2315.99,Two year,No,0
CUST_0105,42,23,29.38,719.36,Month-to-month,No,1
CUST_0106,62,31,38.28,1244.64,Month-to-month,No,1
CUST_0107,58,42,113.45,4937.43,Month-to-month,No,1
CUST_0108,46,7,83.82,555.94,Month-to-month,No,1
CUST_0109,32,16,71.66,1123.68,Month-to-month,No,1
CUST_0110,62,60,85.7,5119.08,Month-to-month,No,1
CUST_0111,18,2,63.56,116.52,Two year,No,1
CUST_0112,42,1,92.99,93.52,Month-to-month,Yes,1
CUST_0113,24,48,24.76,1173.35,Month-to-month,Yes,0
CUST_0114,26,12,76.59,974.61,Month-to-month,No,1
CUST_0115,41,69,35.85,2710.08,Month-to-month,No,0
CUST_0116,18,37,32.01,1197.64,Month-to-month,Yes,0
CUST_0117,61,32,54.18,1672.28,One year,No,0
CUST_0118,25,9,29.17,238.56,Month-to-month,No,1
CUST_0119,41,19,29.41,606.25,Month-to-month,Yes,0
CUST_0120,28,48,51.13,2659.96,Month-to-month,No,0
CUST_0121,68,3,117.94,336.34,Month-to-month,No,1
CUST_0122,34,20,37.52,779.73,Two year,No,0
CUST_0123,25,24,21.71,476.8,Month-to-month,No,1
CUST_0124,52,54,96.33,4854.56,One year,No,0
CUST_0125,52,33,100.68,3134.26,Two year,No,1
CUST_0126,50,24,54.62,1257.0,Month-to-month,No,1
CUST_0127,22,36,66.46,2629.82,Two year,No,0
CUST_0128,59,38,84.97,3356.03,Month-to-month,Yes,1
CUST_0129,56,25,24.8,605.64,One year,Yes,0
CUST_0130,58,18,114.9,2166.27,Month-to-month,No,1
CUST_0131,45,66,108.66,7767.16,One year,No,0
CUST_0132,24,54,46.08,2716.6,Month-to-month,No,0
CUST_0133,26,35,21.52,686.6,Month-to-month,Yes,0
CUST_0134,25,61,113.33,6767.29,Month-to-month,No,1
CUST_0135,29,41,70.09,2647.68,One year,No,0
CUST_0136,51,33,73.93,2359.5,Two year,No,0
CUST_0137,50,68,88.39,5613.44,One year,No,0
CUST_0138,65,33,81.58,2771.21,Month-to-month,No,1
CUST_0139,72,14,114.38,1565.54,Two year,No,1
CUST_0140,40,21,114.42,2272.78,Month-to-month,No,1
