sold_date,median_income,housing_median_age,total_rooms,total_bedrooms,population,median_house_value
2023-01-19,5.279,37,3224,657,673,234.83
2023-01-21,9.607,50,2432,603,2493,317.25
2023-01-25,8.622,27,1303,330,523,308.71
2023-01-29,11.293,37,4596,936,1562,369.85
2023-01-31,6.853,27,4186,911,2524,308.1
2023-02-02,3.08,31,4219,984,2102,181.11
2023-02-06,9.432,20,1024,235,1152,334.18
2023-02-09,9.94,48,3711,812,362,351.42
2023-02-13,7.806,20,1598,335,1540,306.32
2023-02-17,10.049,4,2165,411,3174,371.48
2023-02-21,7.084,37,4304,797,3142,298.08
2023-02-25,7.393,18,2941,811,988,301.7
2023-02-27,6.375,43,3110,823,1784,248.48
2023-03-03,2.072,38,3574,770,1933,149.46
2023-03-06,2.954,35,3501,965,2452,169.45
2023-03-08,2.136,6,454,112,810,133.94
2023-03-11,8.61,35,1326,302,684,299.03
2023-03-14,5.164,16,1441,330,704,263.85
2023-03-17,7.242,23,4592,864,3170,325.09
2023-03-20,11.511,50,1085,205,817,392.77
2023-03-22,4.467,22,2143,514,775,231.6
2023-03-24,6.191,10,2132,501,2300,276.55
2023-03-27,9.884,9,569,114,3056,417.01
2023-03-30,4.248,5,1280,351,1968,237.9
2023-04-01,2.624,19,4125,1064,2193,175.16
2023-04-03,4.9,35,1819,348,3118,224.39
2023-04-05,3.525,50,1190,324,1760,162.15
2023-04-09,11.748,14,566,157,3024,409.07
2023-04-13,10.447,24,3288,919,1013,358.26
2023-04-17,8.577,24,1600,296,382,316.48
2023-04-20,11.125,48,2381,604,1468,370.85
2023-04-24,10.399,32,1462,342,2804,355.57
2023-04-27,3.796,40,2114,529,2201,226.93
2023-04-30,11.35,40,1531,423,2348,401.02
2023-05-04,7.571,47,962,239,350,293.98
2023-05-07,10.44,10,3299,869,984,401.33
2023-05-11,11.388,29,1009,269,1016,396.37
2023-05-15,5.203,29,4122,1087,1769,228.33
2023-05-17,2.978,36,3793,844,748,211.62
2023-05-21,4.239,23,4520,914,1180,237.53
2023-05-23,6.37,32,1920,421,787,260.82
2023-05-27,10.553,35,1030,277,2123,370.5
2023-05-31,11.01,30,2744,534,2381,385.34
2023-06-02,1.874,49,3597,832,2442,135.55
2023-06-04,7.265,35,4699,955,1874,315.67
2023-06-08,6.266,7,2129,506,2501,311.28
2023-06-11,4.177,50,3956,1053,549,188.96
2023-06-13,3.083,21,3194,856,973,202.77
2023-06-16,5.412,6,3806,775,737,258.56
2023-06-19,11.889,37,4495,1217,2465,401.14
2023-06-22,5.258,51,1693,404,1070,232.5
2023-06-24,7.351,19,3568,767,567,297.57
2023-06-27,9.322,46,2591,649,2284,344.8
2023-06-29,5.691,30,3509,800,1377,250.72
2023-07-02,12.198,32,3409,742,535,431.11
2023-07-06,12.098,31,2715,680,688,419.72
2023-07-10,4.494,48,2929,600,1062,227.44
2023-07-12,7.121,8,2085,444,2148,297.94
2023-07-16,5.019,37,2207,493,2748,237.33
2023-07-20,4.848,43,2520,517,923,254.16
2023-07-23,2.195,39,3299,727,3114,183.26
2023-07-25,8.322,26,3701,877,1552,317.25
2023-07-28,7.179,31,4180,1062,877,300.89
2023-07-31,2.351,51,2939,754,2422,182.01
2023-08-03,4.782,48,2081,545,734,207.37
2023-08-06,11.518,33,3266,830,2450,416.23
2023-08-09,4.363,37,1465,363,1063,218.81
2023-08-12,3.35,35,1798,366,3085,220.13
2023-08-15,7.037,23,3537,778,3153,294.5
2023-08-17,12.346,34,3289,749,1629,406.3
2023-08-21,4.39,25,785,147,2445,221.59
2023-08-24,8.992,35,1345,313,3145,349.76
2023-08-27,9.949,5,3996,893,1658,390.62
2023-08-30,4.343,20,1301,338,2782,222.34
2023-09-02,9.592,27,2137,593,746,372.28
2023-09-05,5.735,44,2381,560,2317,240.08
2023-09-08,8.566,33,4196,890,1631,343.22
2023-09-12,8.579,5,2877,530,548,343.62
2023-09-16,7.533,42,2018,549,465,297.37
2023-09-19,2.766,48,4450,1210,1658,186.64
2023-09-23,10.738,26,3188,654,1319,391.03
2023-09-25,5.232,34,3948,985,841,250.72
2023-09-28,3.796,49,4363,818,1058,240.63
2023-09-30,2.236,24,1516,298,2428,186.24
2023-10-02,8.123,25,2894,583,2480,353.56
2023-10-05,9.05,4,4557,954,1096,354.49
2023-10-09,1.977,29,3823,1068,437,183.32
2023-10-11,7.279,44,4419,1103,2531,327.29
2023-10-14,4.224,4,2996,654,1653,213.15
2023-10-16,8.703,28,1203,305,3132,335.89
2023-10-18,3.666,19,2532,687,2175,232.44
2023-10-20,9.193,42,3224,889,368,349.58
2023-10-22,5.938,35,3346,621,2893,294.05
2023-10-26,11.823,11,4635,1017,2400,429.84
2023-10-28,3.271,45,1225,233,1773,218.73
2023-10-30,5.449,50,2075,443,504,263.29
2023-11-01,3.014,41,3519,693,2473,229.36
2023-11-05,11.694,31,867,212,342,429.09
2023-11-07,11.188,44,564,123,2206,416.79
2023-11-09,4.56,28,1066,216,2458,249.38
2023-11-13,8.862,37,4424,913,1060,351.81
2023-11-17,10.544,27,3717,803,3195,397.29
2023-11-21,7.741,26,1275,262,2442,342.26
2023-11-23,7.467,15,1966,442,2294,324.57
2023-11-27,4.388,9,3596,658,2235,269.12
2023-12-01,2.796,38,862,179,1199,239.65
2023-12-03,11.4,47,1178,260,659,431.14
2023-12-07,11.434,22,3798,912,2019,421.44
2023-12-09,8.574,3,3258,674,580,386.14
2023-12-12,5.428,10,1125,217,2187,283.69
2023-12-16,5.537,48,3915,734,966,248.3
2023-12-19,9.568,18,2954,809,392,363.4
2023-12-21,11.399,16,3417,757,971,404.27
2023-12-25,11.292,14,3236,770,2269,423.03
2023-12-27,10.145,25,1572,427,360,391.67
2023-12-30,8.67,17,4529,852,2981,396.28
2024-01-01,2.7,30,2021,540,1328,209.34
2024-01-05,3.529,36,2593,609,1789,223.93
2024-01-09,11.415,4,2137,419,903,456.68
2024-01-12,8.289,34,4582,1013,981,316.64
