patient_id,age,bmi,glucose_level,insulin,blood_pressure,has_diabetes
PAT-1001,26,23.3,114.2,15.0,76,0
PAT-1002,63,32.8,127.1,99.8,61,1
PAT-1003,57,19.0,159.8,162.7,76,1
PAT-1004,45,26.1,125.0,16.0,67,0
PAT-1005,45,28.6,104.9,123.9,64,1
PAT-1006,68,30.8,153.4,70.2,64,1
PAT-1007,26,31.5,131.7,82.2,85,1
PAT-1008,59,31.9,167.1,37.6,78,1
PAT-1009,32,26.0,123.9,69.9,79,0
PAT-1010,27,25.4,78.8,143.5,86,0
PAT-1011,50,32.3,74.2,111.2,79,0
PAT-1012,74,26.8,170.8,163.0,82,1
PAT-1013,61,21.2,173.2,138.0,63,1
PAT-1014,63,21.9,112.3,104.8,90,0
PAT-1015,60,23.0,105.7,163.5,76,0
PAT-1016,64,30.4,164.8,104.8,65,1
PAT-1017,49,28.5,82.6,122.3,89,0
PAT-1018,28,31.4,89.4,71.7,86,0
PAT-1019,67,25.6,138.6,88.0,61,1
PAT-1020,46,28.6,105.4,53.6,66,0
PAT-1021,49,31.1,117.8,129.5,60,1
PAT-1022,42,26.2,112.8,32.0,69,0
PAT-1023,31,30.2,128.8,120.2,63,0
PAT-1024,72,24.4,163.0,76.4,85,1
PAT-1025,64,25.9,120.9,137.7,78,0
PAT-1026,56,25.8,138.6,118.8,95,1
PAT-1027,43,21.6,70.0,166.9,86,0
PAT-1028,66,30.3,116.4,117.9,82,1
PAT-1029,51,25.4,91.0,15.0,78,0
PAT-1030,45,27.9,79.0,82.0,61,0
PAT-1031,46,30.3,89.9,32.3,62,0
PAT-1032,34,30.1,107.3,61.7,82,0
PAT-1033,26,31.3,147.3,153.0,60,1
PAT-1034,51,27.3,75.6,113.7,61,0
PAT-1035,69,25.6,119.0,53.5,67,0
PAT-1036,25,27.4,102.5,39.4,91,0
PAT-1037,68,19.0,107.5,86.5,76,0
PAT-1038,66,20.3,150.1,30.3,85,1
PAT-1039,36,20.9,135.2,54.8,74,0
PAT-1040,56,22.6,160.8,99.0,66,1
PAT-1041,30,29.9,113.1,137.0,73,0
PAT-1042,62,23.1,95.7,112.4,63,0
PAT-1043,59,25.8,110.8,15.0,87,0
PAT-1044,41,34.6,125.8,98.7,66,1
PAT-1045,25,25.9,123.7,88.2,73,0
PAT-1046,74,31.6,83.3,103.6,95,0
PAT-1047,46,22.9,120.9,157.7,81,0
PAT-1048,70,26.7,125.3,15.0,76,1
PAT-1049,58,22.9,198.0,58.4,79,1
PAT-1050,64,26.0,178.1,111.6,88,1
PAT-1051,63,32.2,90.7,15.0,69,0
PAT-1052,32,18.8,108.8,151.4,82,0
PAT-1053,41,30.1,71.2,101.6,91,0
PAT-1054,47,29.0,99.1,123.1,80,0
PAT-1055,48,24.7,128.1,59.3,76,1
PAT-1056,24,20.3,156.6,121.6,65,1
PAT-1057,51,28.2,94.7,133.1,68,0
PAT-1058,30,25.0,97.1,95.5,94,0
PAT-1059,62,29.0,70.0,95.5,79,0
PAT-1060,58,27.9,112.8,97.2,70,0
PAT-1061,71,36.1,84.0,46.1,75,0
PAT-1062,62,26.6,101.1,78.4,80,0
PAT-1063,41,22.5,89.9,78.1,79,0
PAT-1064,74,28.7,115.0,102.3,85,0
PAT-1065,44,28.9,70.0,130.0,69,0
PAT-1066,39,34.9,71.1,37.4,83,0
PAT-1067,70,32.1,186.1,79.4,75,1
PAT-1068,42,29.7,76.8,151.7,93,0
PAT-1069,26,35.4,82.9,51.5,65,0
PAT-1070,47,21.6,176.8,48.0,65,1
PAT-1071,64,24.5,198.0,94.1,76,1
PAT-1072,32,23.0,80.5,123.0,78,0
PAT-1073,46,25.8,106.2,85.5,84,0
PAT-1074,29,20.6,128.9,144.8,74,0
PAT-1075,59,31.1,173.3,123.6,92,1
PAT-1076,47,26.6,86.4,122.9,77,0
PAT-1077,39,20.2,110.2,109.9,64,0
PAT-1078,34,22.5,142.9,189.7,64,1
PAT-1079,52,29.4,131.9,75.8,95,1
PAT-1080,58,32.2,106.0,15.0,64,0
PAT-1081,72,38.2,113.7,157.2,94,1
PAT-1082,45,43.0,74.0,64.4,70,0
PAT-1083,30,30.0,110.4,89.9,63,0
PAT-1084,66,22.7,109.5,143.9,70,0
PAT-1085,56,18.5,125.4,15.0,82,0
PAT-1086,59,29.2,100.2,28.7,75,0
PAT-1087,27,23.6,133.1,15.0,88,0
PAT-1088,38,25.6,150.4,49.3,81,1
PAT-1089,63,24.6,123.0,104.8,74,0
PAT-1090,66,27.1,129.3,108.6,82,1
PAT-1091,45,33.3,119.7,97.4,94,1
PAT-1092,65,28.6,118.0,21.4,74,0
PAT-1093,67,27.0,94.9,15.0,65,0
PAT-1094,42,22.4,128.1,87.4,74,0
PAT-1095,70,19.1,114.9,63.8,90,0
PAT-1096,37,25.3,185.0,105.7,67,1
PAT-1097,34,27.5,168.3,116.6,94,1
PAT-1098,58,37.0,130.3,91.2,81,1
PAT-1099,56,28.5,93.6,119.2,81,0
PAT-1100,29,32.9,82.4,95.3,71,0
PAT-1101,66,25.2,156.1,108.9,93,1
PAT-1102,32,21.6,126.4,53.3,61,0
PAT-1103,65,22.8,133.4,76.9,70,1
PAT-1104,22,24.0,70.0,93.9,75,0
PAT-1105,65,38.9,147.7,121.9,77,1
PAT-1106,64,23.5,132.5,67.3,77,0
PAT-1107,64,32.2,82.5,108.5,65,0
PAT-1108,57,23.1,102.9,73.0,68,0
PAT-1109,47,32.6,126.4,79.7,63,0
PAT-1110,60,29.8,119.7,122.3,80,1
PAT-1111,36,27.0,108.7,15.0,72,0
PAT-1112,64,27.6,114.7,26.7,80,0
PAT-1113,52,24.4,109.9,18.3,81,0
PAT-1114,46,30.1,122.9,15.0,85,0
PAT-1115,49,25.4,165.1,54.5,79,1
PAT-1116,52,21.4,70.0,118.7,83,0
PAT-1117,24,21.2,110.4,72.2,81,0
PAT-1118,29,28.7,123.6,93.9,83,1
PAT-1119,35,36.0,127.5,134.0,82,0
PAT-1120,28,28.6,106.1,144.7,71,0
