patient_id,age,blood_pressure_sys,cholesterol,glucose,treatment_response
SYN_001,59,130,231,95,0
SYN_002,53,132,224,94,0
SYN_003,60,137,244,114,0
SYN_004,69,140,257,120,0
SYN_005,52,133,200,99,0
SYN_006,52,136,206,101,1
SYN_007,70,157,257,131,0
SYN_008,62,141,240,103,0
SYN_009,49,134,219,103,1
SYN_010,59,138,276,104,0
SYN_011,49,121,216,93,1
SYN_012,49,132,226,109,0
SYN_013,56,137,236,112,0
SYN_014,35,137,200,97,1
SYN_015,37,123,187,100,1
SYN_016,48,133,221,97,0
SYN_017,44,128,194,100,1
SYN_018,57,130,221,99,1
SYN_019,45,136,201,99,1
SYN_020,40,130,199,89,1
SYN_021,69,149,274,116,0
SYN_022,52,128,193,104,1
SYN_023,55,144,232,96,0
SYN_024,40,117,174,108,1
SYN_025,49,135,207,88,1
SYN_026,55,149,239,94,1
SYN_027,42,122,200,102,1
SYN_028,58,134,213,112,0
SYN_029,48,132,202,103,1
SYN_030,51,130,223,105,0
SYN_031,48,122,199,94,1
SYN_032,73,148,255,109,0
SYN_033,54,129,219,101,1
SYN_034,43,131,196,86,1
SYN_035,62,135,259,117,1
SYN_036,42,136,210,92,1
SYN_037,56,132,198,94,1
SYN_038,34,120,189,81,1
SYN_039,41,131,191,95,0
SYN_040,56,129,232,96,1
SYN_041,61,141,224,100,0
SYN_042,56,144,224,107,0
SYN_043,53,125,222,101,0
SYN_044,51,134,226,94,1
SYN_045,39,127,182,84,1
SYN_046,47,135,206,99,1
SYN_047,49,125,205,81,1
SYN_048,65,134,228,95,0
SYN_049,57,140,248,98,0
SYN_050,36,125,196,85,1
SYN_051,57,139,211,108,0
SYN_052,50,135,226,114,1
SYN_053,47,127,233,103,0
SYN_054,60,140,244,105,0
SYN_055,64,144,220,111,0
SYN_056,63,137,229,99,0
SYN_057,46,141,225,97,1
SYN_058,51,136,208,97,0
SYN_059,57,130,229,106,0
SYN_060,64,145,247,103,0
SYN_061,49,126,199,101,1
SYN_062,52,139,218,117,0
SYN_063,43,135,165,93,1
SYN_064,42,122,186,94,1
SYN_065,62,146,233,117,0
SYN_066,68,146,229,110,0
SYN_067,53,140,241,105,1
SYN_068,64,153,224,113,0
SYN_069,58,136,221,105,0
SYN_070,48,126,210,87,1
SYN_071,58,132,242,104,0
SYN_072,69,140,228,119,0
SYN_073,54,134,234,116,0
SYN_074,70,147,248,125,0
SYN_075,32,122,172,104,1
SYN_076,62,145,241,102,0
SYN_077,55,136,224,111,1
SYN_078,51,142,211,103,1
SYN_079,55,134,222,124,1
SYN_080,34,139,187,81,1
SYN_081,52,137,219,92,1
SYN_082,58,132,233,97,0
SYN_083,69,138,263,91,0
SYN_084,49,135,198,93,1
SYN_085,46,129,232,87,1
SYN_086,49,136,190,100,0
SYN_087,63,144,235,114,0
SYN_088,57,137,233,123,0
SYN_089,49,127,214,105,1
SYN_090,59,129,219,98,1
SYN_091,55,133,219,93,1
SYN_092,64,147,233,116,0
SYN_093,47,132,202,83,1
SYN_094,51,125,223,115,0
SYN_095,50,134,219,110,1
SYN_096,39,128,188,85,1
SYN_097,57,132,235,86,0
SYN_098,57,138,229,118,0
SYN_099,54,135,230,100,0
SYN_100,52,127,222,110,0
