sensor_id,temperature_c,vibration_mms,pressure_bar,rpm,operating_hours,is_failure
SNS_001,67.9,1.71,5.13,1801,2189,0
SNS_002,64.0,2.72,5.31,1784,1100,0
SNS_003,59.9,2.41,4.96,1718,1404,0
SNS_004,67.8,2.21,5.08,1736,1420,0
SNS_005,86.4,6.02,7.94,2126,5749,1
SNS_006,68.7,2.46,4.57,1779,1822,0
SNS_007,64.0,1.59,4.83,1851,1426,0
SNS_008,60.0,2.82,4.8,1767,4160,0
SNS_009,62.6,2.59,5.06,1838,715,0
SNS_010,67.3,2.12,5.02,1817,4056,0
SNS_011,67.6,1.93,4.92,1835,2400,0
SNS_012,63.0,1.97,5.26,1859,1766,0
SNS_013,58.8,2.51,5.0,1806,1585,0
SNS_014,61.5,2.24,4.76,1834,2365,0
SNS_015,82.0,7.43,8.37,2038,5766,1
SNS_016,65.6,2.23,4.73,1796,2269,0
SNS_017,67.1,2.37,4.82,1777,4029,0
SNS_018,60.4,2.3,4.2,1886,3267,0
SNS_019,65.3,2.02,5.22,1813,946,0
SNS_020,62.2,1.85,5.16,1882,682,0
SNS_021,97.0,6.96,8.4,2202,5369,1
SNS_022,61.8,1.58,5.15,1799,369,0
SNS_023,63.6,2.41,5.1,1753,2658,0
SNS_024,68.2,2.22,4.93,1790,4369,0
SNS_025,61.3,2.51,4.79,1769,1786,0
SNS_026,68.4,1.87,4.63,1781,2510,0
SNS_027,65.3,1.86,4.75,1739,1002,0
SNS_028,71.5,2.27,4.85,1801,2283,0
SNS_029,63.5,2.46,4.64,1745,1242,0
SNS_030,70.1,1.78,4.64,1799,2900,0
SNS_031,96.2,6.8,7.91,2222,4081,1
SNS_032,66.2,1.81,5.35,1770,286,0
SNS_033,66.7,2.22,4.86,1767,982,0
SNS_034,61.1,2.31,4.95,1795,2056,0
SNS_035,94.6,6.57,8.44,2028,4460,1
SNS_036,64.2,2.39,4.9,1788,552,0
SNS_037,58.3,3.08,5.06,1791,2181,0
SNS_038,64.2,2.29,4.99,1862,545,0
SNS_039,63.4,2.52,5.01,1781,926,0
SNS_040,63.1,2.34,5.25,1826,3713,0
SNS_041,66.3,1.71,5.28,1816,3418,0
SNS_042,64.9,1.55,4.96,1762,778,0
SNS_043,65.7,2.41,4.72,1858,358,0
SNS_044,66.2,1.7,5.04,1805,2455,0
SNS_045,70.3,2.32,4.68,1777,2238,0
SNS_046,64.9,2.11,5.27,1805,638,0
SNS_047,63.9,1.91,4.57,1768,2124,0
SNS_048,63.9,1.9,5.2,1873,2343,0
SNS_049,66.2,1.84,5.48,1847,574,0
SNS_050,65.0,2.43,4.75,1860,1592,0
SNS_051,64.4,2.34,4.41,1854,3405,0
SNS_052,65.9,3.2,5.18,1829,1004,0
SNS_053,63.1,1.89,5.53,1821,463,0
SNS_054,66.1,2.0,4.97,1794,3169,0
SNS_055,65.7,2.34,4.69,1769,4049,0
SNS_056,66.8,2.42,5.24,1855,1309,0
SNS_057,63.3,2.17,5.64,1731,2723,0
SNS_058,63.4,1.64,5.19,1744,581,0
SNS_059,66.3,1.77,5.11,1757,2805,0
SNS_060,62.5,2.39,5.04,1776,1243,0
SNS_061,89.1,6.34,7.95,2130,4757,1
SNS_062,58.0,2.54,5.18,1770,4056,0
SNS_063,65.2,1.83,4.86,1813,3956,0
SNS_064,70.2,2.27,5.38,1847,1965,0
SNS_065,99.2,6.38,7.95,2090,4859,1
SNS_066,65.3,2.63,5.39,1761,935,0
SNS_067,63.4,2.76,5.64,1742,961,0
SNS_068,60.1,2.23,5.26,1760,3637,0
SNS_069,66.3,2.45,4.82,1782,1731,0
SNS_070,55.8,2.39,5.24,1828,1258,0
SNS_071,64.6,2.32,5.49,1888,661,0
SNS_072,65.4,2.07,5.12,1861,1391,0
SNS_073,68.4,2.62,5.01,1827,3075,0
SNS_074,64.4,1.89,5.19,1815,1441,0
SNS_075,64.2,2.65,5.63,1803,2029,0
SNS_076,64.5,3.19,5.33,1787,1686,0
SNS_077,59.8,2.95,4.87,1766,2490,0
SNS_078,67.9,2.17,5.19,1755,891,0
SNS_079,60.0,2.58,4.7,1865,2383,0
SNS_080,66.2,1.74,5.33,1839,3922,0
SNS_081,63.2,2.35,4.82,1803,4424,0
SNS_082,62.5,1.65,5.2,1842,4196,0
SNS_083,67.7,2.5,5.06,1780,376,0
SNS_084,62.2,2.5,5.24,1798,2826,0
SNS_085,58.3,2.47,5.29,1815,1647,0
SNS_086,68.3,2.96,4.88,1820,3120,0
SNS_087,63.7,1.87,5.14,1875,1608,0
SNS_088,63.4,1.72,5.43,1715,1358,0
SNS_089,62.9,1.56,4.54,1809,1793,0
SNS_090,65.8,2.43,4.39,1771,719,0
SNS_091,71.6,2.01,5.0,1717,864,0
SNS_092,70.5,2.49,5.09,1821,857,0
SNS_093,64.2,2.19,4.79,1767,3070,0
SNS_094,66.9,1.84,4.8,1809,1398,0
SNS_095,69.7,2.78,4.81,1776,1761,0
SNS_096,63.2,2.26,4.94,1870,1911,0
SNS_097,68.5,3.2,4.85,1802,2654,0
SNS_098,65.9,3.13,5.02,1748,2490,0
SNS_099,68.6,2.53,5.02,1764,2752,0
SNS_100,66.4,2.11,5.19,1799,2699,0
SNS_101,66.0,2.41,5.03,1789,3509,0
SNS_102,62.1,2.1,5.03,1747,3593,0
SNS_103,58.1,2.32,4.98,1838,1285,0
SNS_104,64.7,1.45,4.8,1827,423,0
SNS_105,60.7,1.67,5.23,1820,3414,0
SNS_106,61.0,2.53,4.62,1796,3667,0
SNS_107,63.8,2.07,5.35,1732,694,0
SNS_108,63.9,1.82,4.91,1730,2594,0
SNS_109,65.0,2.3,5.38,1804,2858,0
SNS_110,62.9,2.29,5.64,1828,993,0
SNS_111,59.0,1.8,4.8,1812,1087,0
SNS_112,60.8,2.53,5.18,1850,749,0
SNS_113,65.6,2.29,4.63,1807,2488,0
SNS_114,70.4,2.39,4.79,1794,1220,0
SNS_115,88.0,6.7,9.45,2129,5061,1
SNS_116,70.5,2.66,4.78,1810,1027,0
SNS_117,64.7,2.09,4.94,1800,2977,0
SNS_118,64.2,1.73,5.2,1810,941,0
SNS_119,62.7,1.86,5.25,1825,4442,0
SNS_120,66.1,2.66,4.71,1814,1109,0
